source,target,total
Nute Gunray,Republic Captain,1
Nute Gunray,Rebel Pilot,1
Nute Gunray,Qui-Gon Jinn,2
Republic Captain,Rebel Pilot,3
Republic Captain,Qui-Gon Jinn,4
Rebel Pilot,Qui-Gon Jinn,3
Obi-Wan Kenobi,Yoda,39
Obi-Wan Kenobi,Qui-Gon Jinn,44
Yoda,Qui-Gon Jinn,6
Dofine,Nute Gunray,1
Nute Gunray,Battle Droid,5
Nute Gunray,Rune,16
Obi-Wan Kenobi,Battle Droid,37
Battle Droid,Qui-Gon Jinn,10
Obi-Wan Kenobi,Rune,1
Obi-Wan Kenobi,Nute Gunray,6
Rune,Qui-Gon Jinn,1
Nute Gunray,Tey How,2
Rune,Tey How,2
Chancellor Valorum,Obi-Wan Kenobi,3
Chancellor Valorum,Battle Droid,2
Chancellor Valorum,Qui-Gon Jinn,3
Tey How,Eirtae,1
Padme Amidala,Tey How,1
Yane,Tey How,1
Rabe,Tey How,1
Sache,Tey How,1
Padme Amidala,Eirtae,19
Yane,Eirtae,2
Rabe,Eirtae,10
Nute Gunray,Eirtae,1
Rune,Eirtae,1
Sache,Eirtae,3
Yane,Padme Amidala,4
Rabe,Padme Amidala,14
Nute Gunray,Padme Amidala,11
Rune,Padme Amidala,6
Padme Amidala,Sache,5
Yane,Rabe,4
Yane,Nute Gunray,2
Yane,Rune,2
Yane,Sache,4
Nute Gunray,Rabe,2
Rabe,Rune,2
Rabe,Sache,4
Nute Gunray,Sache,2
Rune,Sache,2
Captain Panaka,Eirtae,15
Sio Bibble,Eirtae,4
Palpatine,Eirtae,7
Sio Bibble,Captain Panaka,6
Padme Amidala,Captain Panaka,28
Sache,Captain Panaka,4
Palpatine,Captain Panaka,11
Sio Bibble,Padme Amidala,11
Sio Bibble,Sache,4
Sio Bibble,Palpatine,4
Padme Amidala,Palpatine,32
Sache,Palpatine,1
Obi-Wan Kenobi,Jar Jar Binks,28
Jar Jar Binks,Qui-Gon Jinn,39
Jar Jar Binks,Gungan Warrior,9
Jar Jar Binks,Captain Tarpals,2
Gungan Warrior,Captain Tarpals,1
Jar Jar Binks,Count Dooku,4
Jar Jar Binks,Boss Nass,4
Count Dooku,Boss Nass,1
Obi-Wan Kenobi,Count Dooku,20
Count Dooku,Qui-Gon Jinn,1
Obi-Wan Kenobi,Boss Nass,5
Qui-Gon Jinn,Boss Nass,4
Nute Gunray,Palpatine,10
Rune,Palpatine,5
Battle Droid,Captain Panaka,12
Battle Droid,Padme Amidala,22
Yane,Battle Droid,3
Battle Droid,Rabe,5
Sio Bibble,Battle Droid,4
Battle Droid,Rune,3
Battle Droid,Sache,3
Yane,Captain Panaka,3
Rabe,Captain Panaka,11
Nute Gunray,Captain Panaka,3
Rune,Captain Panaka,2
Sio Bibble,Yane,3
Sio Bibble,Rabe,4
Sio Bibble,Nute Gunray,3
Sio Bibble,Rune,2
Jar Jar Binks,Battle Droid,9
Obi-Wan Kenobi,Captain Panaka,19
Qui-Gon Jinn,Captain Panaka,17
Jar Jar Binks,Captain Panaka,14
Obi-Wan Kenobi,Padme Amidala,53
Obi-Wan Kenobi,Yane,2
Obi-Wan Kenobi,Rabe,8
Sio Bibble,Obi-Wan Kenobi,7
Obi-Wan Kenobi,Sache,2
Padme Amidala,Qui-Gon Jinn,36
Jar Jar Binks,Padme Amidala,44
Yane,Qui-Gon Jinn,2
Rabe,Qui-Gon Jinn,7
Sio Bibble,Qui-Gon Jinn,4
Sache,Qui-Gon Jinn,2
Jar Jar Binks,Yane,2
Jar Jar Binks,Rabe,6
Sio Bibble,Jar Jar Binks,5
Jar Jar Binks,Sache,2
Queen Jamillia,Battle Droid,1
Queen Jamillia,Palpatine,5
Queen Jamillia,Captain Panaka,4
Queen Jamillia,Obi-Wan Kenobi,6
Queen Jamillia,Eirtae,5
Queen Jamillia,Padme Amidala,7
Queen Jamillia,Qui-Gon Jinn,3
Queen Jamillia,Jar Jar Binks,4
Queen Jamillia,Sio Bibble,3
Battle Droid,Palpatine,11
Battle Droid,Eirtae,6
Obi-Wan Kenobi,Palpatine,42
Qui-Gon Jinn,Palpatine,9
Jar Jar Binks,Palpatine,14
Obi-Wan Kenobi,Eirtae,11
Qui-Gon Jinn,Eirtae,10
Jar Jar Binks,Eirtae,10
Republic Captain,Battle Droid,4
Republic Captain,Captain Panaka,4
Republic Captain,Eirtae,2
Obi-Wan Kenobi,Republic Captain,6
Republic Captain,Padme Amidala,4
Jar Jar Binks,Republic Captain,3
Yane,Republic Captain,1
Republic Captain,Rabe,2
Sio Bibble,Republic Captain,1
Republic Captain,Sache,1
Ric Olie,Rebel Pilot,3
Ric Olie,Qui-Gon Jinn,4
Ric Olie,Captain Panaka,5
Rebel Pilot,Captain Panaka,3
Jar Jar Binks,Ric Olie,1
Battle Droid,Ric Olie,3
Obi-Wan Kenobi,Ric Olie,5
Darth Vader,Darth Maul,2
Darth Vader,Palpatine,15
Darth Vader,Nute Gunray,4
Darth Vader,Rune,1
Darth Vader,Padme Amidala,6
Darth Maul,Palpatine,10
Nute Gunray,Darth Maul,5
Rune,Darth Maul,5
Padme Amidala,Darth Maul,3
R2-D2,Eirtae,7
R2-D2,Rabe,4
R2-D2,Captain Panaka,7
Obi-Wan Kenobi,R2-D2,50
R2-D2,Padme Amidala,50
R2-D2,Qui-Gon Jinn,25
Jar Jar Binks,R2-D2,26
Padme Amidala,Gardulla,1
Gardulla,Qui-Gon Jinn,1
Gardulla,Watto,1
Jar Jar Binks,Gardulla,1
R2-D2,Gardulla,1
Luke Skywalker,Gardulla,1
Anakin Skywalker,Gardulla,1
Padme Amidala,Watto,8
Padme Amidala,Luke Skywalker,4
Padme Amidala,Anakin Skywalker,99
Qui-Gon Jinn,Watto,11
Luke Skywalker,Qui-Gon Jinn,6
Anakin Skywalker,Qui-Gon Jinn,34
Jar Jar Binks,Watto,7
R2-D2,Watto,6
Luke Skywalker,Watto,2
Anakin Skywalker,Watto,12
Jar Jar Binks,Luke Skywalker,5
Jar Jar Binks,Anakin Skywalker,28
R2-D2,Luke Skywalker,40
R2-D2,Anakin Skywalker,60
Luke Skywalker,Anakin Skywalker,19
Jar Jar Binks,Sebulba,5
Jar Jar Binks,Jabba the Hutt,3
R2-D2,Sebulba,5
R2-D2,Jabba the Hutt,4
Sebulba,Anakin Skywalker,9
Padme Amidala,Sebulba,5
Sebulba,Qui-Gon Jinn,6
Sebulba,Jabba the Hutt,3
Anakin Skywalker,Jabba the Hutt,4
Padme Amidala,Jabba the Hutt,3
Qui-Gon Jinn,Jabba the Hutt,3
Jira,Padme Amidala,1
Jira,Anakin Skywalker,2
Jira,Qui-Gon Jinn,2
Jar Jar Binks,Shmi,11
R2-D2,Shmi,8
Luke Skywalker,Shmi,4
Anakin Skywalker,Shmi,15
Padme Amidala,Shmi,13
Qui-Gon Jinn,Shmi,14
Padme Amidala,C-3PO,19
Anakin Skywalker,C-3PO,17
R2-D2,C-3PO,59
Queen Jamillia,Rabe,4
Watto,Shmi,6
Sebulba,Watto,4
Obi-Wan Kenobi,Anakin Skywalker,97
Obi-Wan Kenobi,Shmi,2
Padme Amidala,Wald,1
Qui-Gon Jinn,Wald,2
Seek,Wald,1
Jar Jar Binks,Wald,1
R2-D2,Wald,1
Anakin Skywalker,Wald,2
Kitster,Wald,2
Amee,Wald,1
Seek,Padme Amidala,1
Padme Amidala,Kitster,7
Padme Amidala,Amee,1
Seek,Qui-Gon Jinn,1
Qui-Gon Jinn,Kitster,8
Qui-Gon Jinn,Amee,1
Seek,Jar Jar Binks,1
Seek,R2-D2,1
Seek,Anakin Skywalker,1
Seek,Kitster,1
Seek,Amee,1
Jar Jar Binks,Kitster,7
Jar Jar Binks,Amee,1
R2-D2,Kitster,8
R2-D2,Amee,1
Anakin Skywalker,Kitster,8
Anakin Skywalker,Amee,1
Kitster,Amee,1
Yoda,Luke Skywalker,11
Yoda,Anakin Skywalker,18
Yoda,Shmi,1
Obi-Wan Kenobi,Luke Skywalker,41
Battle Droid,Darth Maul,4
Watto,Kitster,4
Sebulba,Kitster,4
Sebulba,Shmi,4
Sebulba,C-3PO,1
Kitster,Shmi,6
Kitster,C-3PO,2
Qui-Gon Jinn,C-3PO,1
Watto,C-3PO,1
C-3PO,Shmi,2
Jar Jar Binks,C-3PO,2
Obi-Wan Kenobi,Darth Maul,6
Fode/Beed,Sebulba,5
Fode/Beed,Gasgano,2
Fode/Beed,Anakin Skywalker,6
Fode/Beed,Boles Roor,1
Gasgano,Sebulba,2
Sebulba,Boles Roor,1
Gasgano,Anakin Skywalker,2
Gasgano,Boles Roor,1
Anakin Skywalker,Boles Roor,1
Fode/Beed,Jabba the Hutt,1
Ody Mandrell,Sebulba,3
Ody Mandrell,Padme Amidala,2
Ody Mandrell,Qui-Gon Jinn,2
Jabba the Hutt,Shmi,3
Ody Mandrell,Jabba the Hutt,1
Kitster,Jabba the Hutt,2
Ody Mandrell,Shmi,2
Jar Jar Binks,Ody Mandrell,2
R2-D2,Ody Mandrell,2
Ody Mandrell,Anakin Skywalker,3
Ody Mandrell,Kitster,2
Jar Jar Binks,Fode/Beed,4
Fode/Beed,Luke Skywalker,3
Fode/Beed,Padme Amidala,3
Fode/Beed,Qui-Gon Jinn,3
Fode/Beed,Shmi,3
Mawhonic,Fode/Beed,1
Mawhonic,Sebulba,1
Mawhonic,Gasgano,1
Mawhonic,Tusken Raider,1
Mawhonic,Anakin Skywalker,1
Fode/Beed,Tusken Raider,1
Sebulba,Tusken Raider,1
Gasgano,Tusken Raider,1
Anakin Skywalker,Tusken Raider,2
Padme Amidala,Fanta,2
Qui-Gon Jinn,Fanta,2
Jabba the Hutt,Fanta,1
Fanta,Shmi,2
Jar Jar Binks,Fanta,2
R2-D2,Fanta,2
Kitster,Fanta,2
Ody Mandrell,Xelbree,1
Anakin Skywalker,Xelbree,1
Sebulba,Xelbree,1
Sebulba,Fanta,1
Sebulba,Ben Quadrinaros,1
Watto,Fanta,1
Fode/Beed,Fanta,1
Anakin Skywalker,Fanta,1
Ben Quadrinaros,Fanta,1
Padme Amidala,Ben Quadrinaros,1
Qui-Gon Jinn,Ben Quadrinaros,1
Fode/Beed,Watto,2
Watto,Ben Quadrinaros,1
Ben Quadrinaros,Shmi,1
Jar Jar Binks,Ben Quadrinaros,1
R2-D2,Fode/Beed,2
R2-D2,Ben Quadrinaros,1
Fode/Beed,Kitster,2
Fode/Beed,Ben Quadrinaros,1
Anakin Skywalker,Ben Quadrinaros,1
Kitster,Ben Quadrinaros,1
Battle Droid,Sebulba,1
Battle Droid,Watto,2
Battle Droid,Shmi,2
R2-D2,Battle Droid,19
Battle Droid,Fode/Beed,1
Battle Droid,Luke Skywalker,2
Battle Droid,Terter,1
Battle Droid,Ody Mandrell,1
Battle Droid,Anakin Skywalker,35
Battle Droid,Kitster,1
Sebulba,Luke Skywalker,1
Sebulba,Terter,1
Padme Amidala,Terter,1
Qui-Gon Jinn,Terter,1
Watto,Terter,1
Ody Mandrell,Watto,1
Terter,Shmi,1
Jar Jar Binks,Terter,1
R2-D2,Terter,1
Fode/Beed,Terter,1
Fode/Beed,Ody Mandrell,1
Luke Skywalker,Terter,1
Ody Mandrell,Luke Skywalker,1
Luke Skywalker,Kitster,1
Ody Mandrell,Terter,1
Anakin Skywalker,Terter,1
Kitster,Terter,1
Anakin Skywalker,Darth Maul,4
Qui-Gon Jinn,Sith Probe Droid,3
Watto,Sith Probe Droid,1
R2-D2,Sith Probe Droid,2
Obi-Wan Kenobi,Sith Probe Droid,3
Padme Amidala,Sith Probe Droid,2
Greedo,Wald,1
Greedo,Anakin Skywalker,1
Greedo,Qui-Gon Jinn,1
Greedo,Kitster,1
Darth Maul,Sith Probe Droid,1
Jira,Darth Maul,1
Qui-Gon Jinn,Darth Maul,8
Sith Probe Droid,Palpatine,1
Jira,Sith Probe Droid,1
Anakin Skywalker,Sith Probe Droid,1
Jira,Palpatine,1
Anakin Skywalker,Palpatine,52
Republic Captain,Anakin Skywalker,7
Anakin Skywalker,Captain Panaka,12
Ric Olie,Anakin Skywalker,6
Anakin Skywalker,Rebel Pilot,9
Obi-Wan Kenobi,Rebel Pilot,8
Ric Olie,Padme Amidala,1
Padme Amidala,Rebel Pilot,5
Obi-Wan Kenobi,Watto,1
Ric Olie,Watto,1
Sio Bibble,R2-D2,2
Sio Bibble,Anakin Skywalker,4
Queen Jamillia,Chancellor Valorum,1
Queen Jamillia,Anakin Skywalker,6
Chancellor Valorum,Palpatine,3
Rabe,Palpatine,5
Chancellor Valorum,Captain Panaka,3
Chancellor Valorum,Eirtae,2
Anakin Skywalker,Eirtae,9
Chancellor Valorum,Padme Amidala,4
Chancellor Valorum,Jar Jar Binks,2
Chancellor Valorum,Rabe,2
Chancellor Valorum,Anakin Skywalker,2
Rabe,Anakin Skywalker,6
Obi-Wan Kenobi,Mace Windu,17
Yoda,Mace Windu,19
Qui-Gon Jinn,Mace Windu,3
Mas Amedda,Battle Droid,1
Battle Droid,Bail Organa,2
Lott Dod,Battle Droid,1
Aks Moe,Battle Droid,1
Mas Amedda,Palpatine,11
Bail Organa,Palpatine,11
Lott Dod,Palpatine,1
Aks Moe,Palpatine,1
Mas Amedda,Captain Panaka,1
Bail Organa,Captain Panaka,2
Lott Dod,Captain Panaka,1
Aks Moe,Captain Panaka,1
Mas Amedda,Bail Organa,5
Mas Amedda,Padme Amidala,6
Mas Amedda,Lott Dod,1
Chancellor Valorum,Mas Amedda,1
Mas Amedda,Rabe,1
Mas Amedda,Aks Moe,1
Bail Organa,Padme Amidala,12
Lott Dod,Bail Organa,1
Chancellor Valorum,Bail Organa,2
Bail Organa,Rabe,1
Aks Moe,Bail Organa,1
Lott Dod,Padme Amidala,1
Aks Moe,Padme Amidala,1
Chancellor Valorum,Lott Dod,1
Lott Dod,Rabe,1
Lott Dod,Aks Moe,1
Chancellor Valorum,Aks Moe,1
Aks Moe,Rabe,1
Anakin Skywalker,Mace Windu,16
Bail Organa,Eirtae,1
Jar Jar Binks,Bail Organa,6
Chancellor Valorum,Yoda,1
Chancellor Valorum,Mace Windu,1
Padme Amidala,Yoda,12
Padme Amidala,Mace Windu,12
R2-D2,Palpatine,11
R2-D2,Republic Captain,4
Republic Captain,Captain Tarpals,1
Gungan Warrior,Captain Panaka,2
Boss Nass,Captain Panaka,3
Gungan Warrior,Eirtae,1
Boss Nass,Eirtae,2
Obi-Wan Kenobi,Gungan Warrior,2
Padme Amidala,Gungan Warrior,3
Padme Amidala,Boss Nass,4
Qui-Gon Jinn,Gungan Warrior,1
R2-D2,Gungan Warrior,2
R2-D2,Boss Nass,3
Rabe,Gungan Warrior,1
Rabe,Boss Nass,1
Gungan Warrior,Boss Nass,2
Anakin Skywalker,Gungan Warrior,2
Anakin Skywalker,Boss Nass,4
Queen Jamillia,Rebel Pilot,1
Queen Jamillia,R2-D2,1
Queen Jamillia,Boss Nass,1
Rebel Pilot,Eirtae,2
R2-D2,Rebel Pilot,7
Jar Jar Binks,Rebel Pilot,2
Rebel Pilot,Boss Nass,1
Battle Droid,Gungan Warrior,5
Battle Droid,Rebel Pilot,4
Battle Droid,Destroyer Droids,7
Republic Captain,Palpatine,3
Republic Captain,Darth Maul,1
Republic Captain,Destroyer Droids,1
Destroyer Droids,Palpatine,2
Darth Maul,Captain Panaka,1
Destroyer Droids,Captain Panaka,3
Obi-Wan Kenobi,Destroyer Droids,2
Padme Amidala,Destroyer Droids,3
Qui-Gon Jinn,Destroyer Droids,1
R2-D2,Darth Maul,1
R2-D2,Destroyer Droids,2
Destroyer Droids,Darth Maul,1
Anakin Skywalker,Destroyer Droids,3
Bravo Two,Battle Droid,2
Bravo Two,Ric Olie,4
Jar Jar Binks,Destroyer Droids,3
Destroyer Droids,Gungan Warrior,3
Bravo Two,R2-D2,2
R2-D2,Ric Olie,2
Bravo Two,Anakin Skywalker,2
Darth Vader,Obi-Wan Kenobi,12
Darth Vader,Qui-Gon Jinn,1
Dofine,Tey How,1
Bravo Two,Bravo Three,2
Ric Olie,Bravo Three,2
R2-D2,Bravo Three,1
Bravo Three,Anakin Skywalker,1
Nute Gunray,Yoda,1
Yoda,Captain Panaka,2
Yoda,Rune Haako,1
Yoda,Palpatine,14
Nute Gunray,Rune Haako,4
Rune Haako,Captain Panaka,1
Rune Haako,Palpatine,2
Obi-Wan Kenobi,Rune Haako,2
Padme Amidala,Rune Haako,1
Yoda,Boss Nass,1
Sio Bibble,Yoda,1
Boss Nass,Palpatine,2
Mace Windu,Palpatine,7
Mace Windu,Captain Panaka,1
Sio Bibble,Boss Nass,2
Mace Windu,Boss Nass,1
Sio Bibble,Mace Windu,1
Gungan Warrior,Palpatine,1
Sio Bibble,Gungan Warrior,1
Padme Amidala,Count Dooku,15
Captain Typho,Jar Jar Binks,5
Captain Typho,R2-D2,4
Captain Typho,Corde,1
Captain Typho,Dorme,6
Captain Typho,Padme Amidala,11
Captain Typho,Rebel Pilot,1
Jar Jar Binks,Corde,1
Jar Jar Binks,Dorme,5
R2-D2,Corde,1
R2-D2,Dorme,2
Dorme,Corde,1
Padme Amidala,Corde,1
Corde,Rebel Pilot,1
Padme Amidala,Dorme,7
Dorme,Rebel Pilot,1
Captain Typho,Ask Aak,1
Captain Typho,Palpatine,3
Captain Typho,Mas Amedda,3
Captain Typho,Darsana,1
Captain Typho,Orn Free Taa,2
Ask Aak,Palpatine,2
Mas Amedda,Ask Aak,2
Padme Amidala,Ask Aak,2
Ask Aak,Darsana,1
Jar Jar Binks,Ask Aak,2
Orn Free Taa,Ask Aak,1
Dorme,Ask Aak,1
Darsana,Palpatine,1
Orn Free Taa,Palpatine,3
Dorme,Palpatine,2
Mas Amedda,Darsana,1
Mas Amedda,Jar Jar Binks,5
Orn Free Taa,Mas Amedda,3
Mas Amedda,Dorme,2
Padme Amidala,Darsana,1
Orn Free Taa,Padme Amidala,3
Jar Jar Binks,Darsana,1
Orn Free Taa,Darsana,1
Dorme,Darsana,1
Orn Free Taa,Jar Jar Binks,3
Orn Free Taa,Dorme,2
Captain Typho,Yoda,1
Captain Typho,Obi-Wan Kenobi,6
Captain Typho,Bail Organa,2
Captain Typho,Dar Wac,1
Captain Typho,Count Dooku,1
Captain Typho,Plo Koon,1
Captain Typho,Mace Windu,2
Bail Organa,Yoda,14
Mas Amedda,Yoda,6
Dar Wac,Yoda,1
Jar Jar Binks,Yoda,3
Yoda,Count Dooku,6
Yoda,Plo Koon,4
Orn Free Taa,Yoda,1
Dorme,Yoda,2
Dar Wac,Palpatine,1
Count Dooku,Palpatine,13
Plo Koon,Palpatine,2
Obi-Wan Kenobi,Bail Organa,13
Obi-Wan Kenobi,Mas Amedda,3
Dar Wac,Obi-Wan Kenobi,1
Obi-Wan Kenobi,Plo Koon,4
Orn Free Taa,Obi-Wan Kenobi,1
Obi-Wan Kenobi,Dorme,4
Dar Wac,Bail Organa,1
Bail Organa,Count Dooku,4
Bail Organa,Plo Koon,1
Orn Free Taa,Bail Organa,1
Bail Organa,Dorme,1
Bail Organa,Mace Windu,3
Dar Wac,Padme Amidala,1
Padme Amidala,Plo Koon,2
Dar Wac,Mas Amedda,1
Mas Amedda,Count Dooku,2
Mas Amedda,Plo Koon,1
Mas Amedda,Mace Windu,2
Dar Wac,Jar Jar Binks,1
Dar Wac,Count Dooku,1
Dar Wac,Plo Koon,1
Dar Wac,Orn Free Taa,1
Dar Wac,Dorme,1
Dar Wac,Mace Windu,1
Jar Jar Binks,Plo Koon,1
Jar Jar Binks,Mace Windu,4
Count Dooku,Plo Koon,1
Orn Free Taa,Count Dooku,1
Dorme,Count Dooku,1
Count Dooku,Mace Windu,7
Orn Free Taa,Plo Koon,1
Dorme,Plo Koon,1
Plo Koon,Mace Windu,4
Orn Free Taa,Mace Windu,1
Dorme,Mace Windu,2
Captain Typho,Anakin Skywalker,6
Dorme,Anakin Skywalker,4
Obi-Wan Kenobi,Zam Wessel,4
Anakin Skywalker,Zam Wessel,4
Yoda,Zam Wessel,1
Battle Droid,Zam Wessel,1
Obi-Wan Kenobi,Elan Sleazebaggano,1
Anakin Skywalker,Elan Sleazebaggano,1
Elan Sleazebaggano,Zam Wessel,1
Dexter Jettster,Obi-Wan Kenobi,1
Queen Jamillia,Count Dooku,1
Queen Jamillia,Nute Gunray,1
Nute Gunray,Count Dooku,4
Count Dooku,Anakin Skywalker,19
Sio Bibble,Count Dooku,1
Nute Gunray,Anakin Skywalker,8
Obi-Wan Kenobi,Jocasta Nu,1
Count Dooku,Jocasta Nu,1
R2-D2,Ryoo,1
R2-D2,Pooja,1
Ryoo,Pooja,1
Anakin Skywalker,Ryoo,1
Padme Amidala,Ryoo,1
Anakin Skywalker,Pooja,1
Padme Amidala,Pooja,1
Jobal,Anakin Skywalker,2
Sola,Anakin Skywalker,2
Anakin Skywalker,Ruwee,3
Jobal,Sola,2
Jobal,Padme Amidala,2
Jobal,Ruwee,1
Sola,Padme Amidala,2
Sola,Ruwee,1
Padme Amidala,Ruwee,1
Battle Droid,Yoda,7
Battle Droid,Jedi Child May,1
Battle Droid,Jedi Child Jack,1
Yoda,Jedi Child May,1
Yoda,Jedi Child Jack,1
Obi-Wan Kenobi,Jedi Child May,1
Jedi Child May,Jedi Child Jack,1
Obi-Wan Kenobi,Jedi Child Jack,1
Obi-Wan Kenobi,Taun We,9
Obi-Wan Kenobi,Sifo-Dyas,1
Obi-Wan Kenobi,Lama Su,7
Taun We,Sifo-Dyas,1
Taun We,Lama Su,5
Sifo-Dyas,Lama Su,1
Stormtrooper,Obi-Wan Kenobi,2
Stormtrooper,Taun We,1
Stormtrooper,Lama Su,1
Obi-Wan Kenobi,Clone Troopers,15
Taun We,Clone Troopers,2
Jango Fett,Clone Troopers,1
Clone Troopers,Lama Su,3
Obi-Wan Kenobi,Jango Fett,12
Taun We,Jango Fett,4
Jango Fett,Lama Su,1
Clone Troopers,Boba Fett,2
Obi-Wan Kenobi,Boba Fett,12
Taun We,Boba Fett,3
Boba Fett,Lama Su,1
Jango Fett,Boba Fett,10
Taun We,Yoda,1
Jango Fett,Yoda,2
Yoda,Boba Fett,3
Taun We,Count Dooku,1
Jango Fett,Count Dooku,5
Count Dooku,Boba Fett,5
Anakin Skywalker,Cliegg Lars,3
Owen Lars,Cliegg Lars,3
Padme Amidala,Cliegg Lars,3
Cliegg Lars,C-3PO,2
Cliegg Lars,Beru Lars,4
Cliegg Lars,Shmi,1
Owen Lars,Anakin Skywalker,5
Anakin Skywalker,Beru Lars,3
Owen Lars,Padme Amidala,5
Owen Lars,C-3PO,8
Owen Lars,Beru Lars,9
Owen Lars,Shmi,1
Padme Amidala,Beru Lars,4
C-3PO,Beru Lars,5
Beru Lars,Shmi,1
Cliegg Lars,Tusken Raider,1
Tusken Raider,Beru Lars,1
Anakin Skywalker,Jawa,1
Ask Aak,Yoda,1
Darth Vader,Yoda,7
Obi-Wan Kenobi,Ask Aak,1
Bail Organa,Ask Aak,1
Jango Fett,Ask Aak,1
Darth Vader,Ask Aak,1
Ask Aak,Count Dooku,1
Ask Aak,Mace Windu,1
Jango Fett,Palpatine,2
Bail Organa,Jango Fett,1
Darth Vader,Bail Organa,1
Jango Fett,Padme Amidala,5
Mas Amedda,Jango Fett,1
Darth Vader,Mas Amedda,3
Darth Vader,Jango Fett,1
Jar Jar Binks,Jango Fett,1
Jango Fett,Mace Windu,3
Darth Vader,Jar Jar Binks,1
Darth Vader,Count Dooku,1
Darth Vader,Mace Windu,2
R2-D2,Count Dooku,5
Count Dooku,C-3PO,4
Obi-Wan Kenobi,C-3PO,20
R2-D2,Cliegg Lars,1
R2-D2,Owen Lars,3
R2-D2,Beru Lars,3
R2-D2,Mace Windu,3
C-3PO,Mace Windu,3
Padme Amidala,Geonosian,6
Anakin Skywalker,Geonosian,6
Count Dooku,Geonosian,5
Jango Fett,Anakin Skywalker,4
Anakin Skywalker,Boba Fett,8
Boba Fett,Palpatine,2
Padme Amidala,Boba Fett,5
Padme Amidala,Wat Tambor,1
Sun Rit,Wat Tambor,1
Passel Argente,Wat Tambor,2
Shu Mai,Wat Tambor,4
Toonbuck Toora,Wat Tambor,1
Count Dooku,Wat Tambor,2
Geonosian,Wat Tambor,1
San Hill,Wat Tambor,1
Tessek,Wat Tambor,1
Poggle the Lesser,Wat Tambor,1
Nute Gunray,Wat Tambor,4
Anakin Skywalker,Wat Tambor,3
Padme Amidala,Sun Rit,2
Padme Amidala,Passel Argente,1
Padme Amidala,Shu Mai,1
Padme Amidala,Toonbuck Toora,1
Padme Amidala,San Hill,1
Padme Amidala,Tessek,1
Poggle the Lesser,Padme Amidala,2
Sun Rit,Passel Argente,1
Sun Rit,Shu Mai,1
Sun Rit,Toonbuck Toora,1
Sun Rit,Count Dooku,2
Sun Rit,Geonosian,2
Sun Rit,San Hill,1
Sun Rit,Tessek,1
Poggle the Lesser,Sun Rit,2
Nute Gunray,Sun Rit,2
Sun Rit,Anakin Skywalker,2
Shu Mai,Passel Argente,2
Toonbuck Toora,Passel Argente,1
Count Dooku,Passel Argente,2
Geonosian,Passel Argente,1
San Hill,Passel Argente,1
Tessek,Passel Argente,1
Poggle the Lesser,Passel Argente,1
Nute Gunray,Passel Argente,2
Anakin Skywalker,Passel Argente,1
Shu Mai,Toonbuck Toora,1
Count Dooku,Shu Mai,2
Geonosian,Shu Mai,1
San Hill,Shu Mai,1
Shu Mai,Tessek,1
Poggle the Lesser,Shu Mai,1
Nute Gunray,Shu Mai,4
Anakin Skywalker,Shu Mai,3
Count Dooku,Toonbuck Toora,1
Geonosian,Toonbuck Toora,1
San Hill,Toonbuck Toora,1
Tessek,Toonbuck Toora,1
Poggle the Lesser,Toonbuck Toora,1
Nute Gunray,Toonbuck Toora,1
Anakin Skywalker,Toonbuck Toora,1
Count Dooku,San Hill,1
Count Dooku,Tessek,1
Poggle the Lesser,Count Dooku,2
Geonosian,San Hill,1
Geonosian,Tessek,1
Poggle the Lesser,Geonosian,2
Nute Gunray,Geonosian,2
San Hill,Tessek,1
Poggle the Lesser,San Hill,1
Nute Gunray,San Hill,1
Anakin Skywalker,San Hill,1
Poggle the Lesser,Tessek,1
Nute Gunray,Tessek,1
Anakin Skywalker,Tessek,1
Poggle the Lesser,Nute Gunray,2
Poggle the Lesser,Anakin Skywalker,2
Obi-Wan Kenobi,Sun Rit,1
Obi-Wan Kenobi,Geonosian,4
Poggle the Lesser,Obi-Wan Kenobi,1
Jango Fett,Sun Rit,1
Jango Fett,Geonosian,3
Poggle the Lesser,Jango Fett,1
Nute Gunray,Jango Fett,1
Sun Rit,Boba Fett,1
Geonosian,Boba Fett,4
Poggle the Lesser,Boba Fett,1
Nute Gunray,Boba Fett,1
Battle Droid,Jango Fett,2
Battle Droid,Count Dooku,8
Battle Droid,Geonosian,3
Battle Droid,Boba Fett,3
Battle Droid,Mace Windu,4
Geonosian,Mace Windu,3
Boba Fett,Mace Windu,3
Battle Droid,Plo Koon,1
Battle Droid,Clone Troopers,12
Yoda,Clone Troopers,8
Yoda,Geonosian,1
Padme Amidala,Clone Troopers,2
Count Dooku,Clone Troopers,4
Clone Troopers,Geonosian,1
Clone Troopers,Anakin Skywalker,10
Clone Troopers,Mace Windu,2
Count Dooku,Rebel Pilot,1
Clone Troopers,Rebel Pilot,2
Republic Captain,Yoda,2
Republic Captain,Count Dooku,2
Republic Captain,Clone Troopers,3
Obi-Wan Kenobi,R4-D17,2
Anakin Skywalker,R4-D17,2
R2-D2,R4-D17,2
Wedge Antilles,Obi-Wan Kenobi,2
Wedge Antilles,Anakin Skywalker,2
Wedge Antilles,Odd Ball,1
Wedge Antilles,Red Leader,42
Obi-Wan Kenobi,Odd Ball,2
Obi-Wan Kenobi,Red Leader,2
Anakin Skywalker,Odd Ball,2
Anakin Skywalker,Red Leader,2
Odd Ball,Red Leader,1
Battle Droid,Buzz Droid,1
Battle Droid,Odd Ball,1
Battle Droid,R4-D17,1
Battle Droid,Clone Pilot,1
Obi-Wan Kenobi,Buzz Droid,1
Odd Ball,Buzz Droid,1
R4-D17,Buzz Droid,1
Rebel Pilot,Buzz Droid,1
R2-D2,Buzz Droid,1
Clone Troopers,Buzz Droid,1
Clone Pilot,Buzz Droid,1
Anakin Skywalker,Buzz Droid,1
Obi-Wan Kenobi,Clone Pilot,1
Odd Ball,R4-D17,1
Rebel Pilot,Odd Ball,1
R2-D2,Odd Ball,1
Clone Troopers,Odd Ball,1
Odd Ball,Clone Pilot,1
Rebel Pilot,R4-D17,1
Clone Troopers,R4-D17,1
R4-D17,Clone Pilot,1
Rebel Pilot,Clone Pilot,2
R2-D2,Clone Troopers,1
R2-D2,Clone Pilot,1
Clone Troopers,Clone Pilot,1
Anakin Skywalker,Clone Pilot,1
Republic Captain,General Grievous,1
General Grievous,Count Dooku,5
Obi-Wan Kenobi,General Grievous,15
General Grievous,Anakin Skywalker,8
Count Dooku,Luke Skywalker,1
Luke Skywalker,Palpatine,6
General Grievous,Rebel Pilot,3
General Grievous,Bodyguard,4
Count Dooku,Destroyer Droids,1
Battle Droid,General Grievous,5
Battle Droid,Bodyguard,2
General Grievous,Palpatine,8
R2-D2,General Grievous,2
Bodyguard,Palpatine,1
Obi-Wan Kenobi,Bodyguard,2
Bodyguard,Rebel Pilot,1
R2-D2,Bodyguard,1
Bodyguard,Anakin Skywalker,1
Rebel Pilot,Palpatine,4
General Grievous,Bail Organa,1
Jar Jar Binks,General Grievous,1
General Grievous,C-3PO,1
General Grievous,Mace Windu,4
C-3PO,Palpatine,3
R2-D2,Bail Organa,5
Bail Organa,Anakin Skywalker,3
Bail Organa,C-3PO,5
Master Vos,Obi-Wan Kenobi,1
Master Vos,Anakin Skywalker,1
Giddean Danu,Fang Zar,2
Giddean Danu,Palpatine,1
Mon Mothma,Giddean Danu,2
Bail Organa,Giddean Danu,2
Padme Amidala,Giddean Danu,2
Giddean Danu,Terr Taneel,1
Fang Zar,Palpatine,2
Mon Mothma,Fang Zar,2
Bail Organa,Fang Zar,2
Padme Amidala,Fang Zar,3
Terr Taneel,Fang Zar,1
Mon Mothma,Palpatine,2
Terr Taneel,Palpatine,1
Mon Mothma,Bail Organa,2
Mon Mothma,Padme Amidala,2
Mon Mothma,Terr Taneel,1
Bail Organa,Terr Taneel,1
Padme Amidala,Terr Taneel,1
General Grievous,Yoda,3
General Grievous,Luke Skywalker,1
General Grievous,Plo Koon,2
Luke Skywalker,Plo Koon,1
Luke Skywalker,Mace Windu,2
Anakin Skywalker,Plo Koon,2
Captain Typho,Motee,1
Padme Amidala,Motee,1
Anakin Skywalker,Motee,1
Mas Amedda,Anakin Skywalker,2
Mas Amedda,Darth Plagueis,1
Anakin Skywalker,Darth Plagueis,1
Darth Plagueis,Palpatine,1
Agen Kolar,General Grievous,1
General Grievous,Baron Papanoida,1
Agen Kolar,Yoda,1
Yoda,Baron Papanoida,1
Agen Kolar,Obi-Wan Kenobi,1
Obi-Wan Kenobi,Baron Papanoida,1
Agen Kolar,Plo Koon,1
Plo Koon,Baron Papanoida,1
Agen Kolar,Anakin Skywalker,1
Agen Kolar,Baron Papanoida,1
Agen Kolar,Mace Windu,2
Anakin Skywalker,Baron Papanoida,1
Mace Windu,Baron Papanoida,1
Clone Commander Gree,Yoda,2
Chi Eekway,Giddean Danu,1
Chi Eekway,Fang Zar,1
Mon Mothma,Chi Eekway,1
Chi Eekway,Bail Organa,1
Chi Eekway,Padme Amidala,1
Chi Eekway,Bana Breemu,1
Giddean Danu,Bana Breemu,1
Bana Breemu,Fang Zar,1
Mon Mothma,Bana Breemu,1
Bail Organa,Bana Breemu,1
Padme Amidala,Bana Breemu,1
Clone Commander Cody,Obi-Wan Kenobi,3
Clone Commander Cody,Anakin Skywalker,2
Clone Commander Cody,Clone Troopers,2
Mas Amedda,General Grievous,1
Tion Medon,Obi-Wan Kenobi,1
Tion Medon,General Grievous,2
Tion Medon,R4-G9,1
Obi-Wan Kenobi,R4-G9,1
R4-G9,General Grievous,1
Tion Medon,Bodyguard,1
Obi-Wan Kenobi,Wrangler,1
General Grievous,Wat Tambor,1
General Grievous,Shu Mai,1
General Grievous,Rune Haako,1
General Grievous,Passel Argente,1
Nute Gunray,General Grievous,1
Wat Tambor,Palpatine,1
Shu Mai,Palpatine,1
Passel Argente,Palpatine,1
Obi-Wan Kenobi,Wat Tambor,1
Rune Haako,Wat Tambor,3
Obi-Wan Kenobi,Shu Mai,1
Obi-Wan Kenobi,Passel Argente,1
Rune Haako,Shu Mai,3
Count Dooku,Rune Haako,1
Rune Haako,Passel Argente,1
General Grievous,Clone Troopers,3
Bodyguard,Count Dooku,1
Bodyguard,Clone Troopers,1
Maledee,Fang Zar,1
Maledee,Palpatine,1
Maledee,Anakin Skywalker,1
Maledee,Sweitt Concorkill,1
Maledee,Padme Amidala,1
Anakin Skywalker,Fang Zar,1
Sweitt Concorkill,Fang Zar,1
Sweitt Concorkill,Palpatine,1
Sweitt Concorkill,Anakin Skywalker,1
Padme Amidala,Sweitt Concorkill,1
Clone Commander Cody,Yoda,1
Clone Commander Cody,Aayla Secura,1
Clone Commander Cody,Mace Windu,1
Aayla Secura,Yoda,1
Obi-Wan Kenobi,Aayla Secura,1
Aayla Secura,Anakin Skywalker,1
Aayla Secura,Mace Windu,1
Kit Fisto,Luke Skywalker,1
Kit Fisto,Palpatine,1
Kit Fisto,Anakin Skywalker,1
Kit Fisto,Mace Windu,2
Agen Kolar,Kit Fisto,1
General Grievous,Padme Amidala,2
Darth Vader,General Grievous,2
Darth Vader,Anakin Skywalker,13
Clone Commander Cody,Battle Droid,1
Clone Commander Cody,Palpatine,1
Clone Troopers,Palpatine,6
Clone Troopers,Clone Commander Bacara,1
Clone Commander Bacara,Palpatine,1
Aayla Secura,Battle Droid,1
Aayla Secura,Clone Troopers,1
Aayla Secura,Barriss Offee,1
Battle Droid,Barriss Offee,1
Clone Troopers,Barriss Offee,1
Master Vos,Clone Troopers,1
Clone Pilot,Palpatine,1
Stass Allie,Clone Troopers,1
Clone Commander Gree,Palpatine,1
Tarfful,Battle Droid,1
Tarfful,Yoda,3
Tarfful,Clone Troopers,2
Tarfful,Chewbacca,3
Tarfful,Clone Commander Gree,1
Battle Droid,Chewbacca,1
Clone Commander Gree,Battle Droid,1
Yoda,Chewbacca,4
Clone Troopers,Chewbacca,2
Clone Commander Gree,Clone Troopers,1
Clone Commander Gree,Chewbacca,1
Anakin Skywalker,Shaak Ti,1
Bail Organa,Clone Troopers,1
Bail Organa,Zett Jukassa,1
Bail Organa,Clone Commander Appo,1
Clone Troopers,Zett Jukassa,1
Clone Troopers,Clone Commander Appo,1
Zett Jukassa,Clone Commander Appo,1
Tarfful,Ponda Babba,1
Yoda,Ponda Babba,3
Clone Troopers,Ponda Babba,1
Ponda Babba,Chewbacca,1
Bail Organa,Royal Guards,1
Bail Organa,Captain Antilles,2
Captain Typho,C-3PO,2
Mas Amedda,Rebel Pilot,1
Yoda,Rebel Pilot,2
Bail Organa,Rebel Pilot,1
Battle Droid,Rune Haako,2
Battle Droid,Wat Tambor,2
Battle Droid,Shu Mai,2
Anakin Skywalker,Rune Haako,2
Rune,Wat Tambor,1
Destroyer Droids,Wat Tambor,1
Rune,Shu Mai,1
Destroyer Droids,Shu Mai,1
Rune,Rune Haako,1
Destroyer Droids,Rune Haako,1
Nute Gunray,Destroyer Droids,1
Rune,Anakin Skywalker,1
Rune,Destroyer Droids,1
Darth Vader,Luke Skywalker,21
Darth Vader,Clone Commander Thire,1
Yoda,Clone Commander Thire,1
Clone Commander Thire,Palpatine,1
Mas Amedda,Clone Commander Thire,1
Battle Droid,Worker Droid,1
Worker Droid,Palpatine,1
Obi-Wan Kenobi,Worker Droid,1
Anakin Skywalker,Worker Droid,1
Bail Organa,Qui-Gon Jinn,1
R2-D2,Yoda,9
Yoda,C-3PO,4
Medical Droid,Battle Droid,2
Battle Droid,C-3PO,1
Medical Droid,Yoda,2
Obi-Wan Kenobi,Medical Droid,2
Medical Droid,Bail Organa,2
Medical Droid,Padme Amidala,3
Medical Droid,R2-D2,2
Medical Droid,C-3PO,2
Yoda,Princess Leia,3
Obi-Wan Kenobi,Princess Leia,10
Bail Organa,Princess Leia,1
Padme Amidala,Princess Leia,1
Medical Droid,Princess Leia,1
R2-D2,Princess Leia,17
C-3PO,Princess Leia,42
Darth Vader,Battle Droid,1
Darth Vader,Medical Droid,1
Medical Droid,Anakin Skywalker,1
Medical Droid,Palpatine,1
R2-D2,Captain Antilles,2
C-3PO,Captain Antilles,2
Darth Vader,Tarkin,8
Tarkin,Palpatine,1
Obi-Wan Kenobi,Owen Lars,3
Obi-Wan Kenobi,Beru Lars,3
Darth Vader,Imperial Officer,3
Darth Vader,Rebel Officer,1
Imperial Officer,Rebel Officer,1
Luke Skywalker,Biggs Darklighter,15
Luke Skywalker,Wormie,1
Windy,Luke Skywalker,1
Fixer,Luke Skywalker,3
Luke Skywalker,Camie,2
Luke Skywalker,Deak,2
Biggs Darklighter,Wormie,1
Windy,Biggs Darklighter,1
Fixer,Biggs Darklighter,3
Biggs Darklighter,Camie,2
Biggs Darklighter,Deak,2
Windy,Wormie,1
Fixer,Wormie,1
Wormie,Camie,1
Wormie,Deak,1
Windy,Fixer,1
Windy,Camie,1
Windy,Deak,1
Fixer,Camie,2
Fixer,Deak,2
Camie,Deak,1
Darth Vader,Rebel Trooper,2
Darth Vader,Princess Leia,10
Rebel Trooper,Princess Leia,2
Owen Lars,Luke Skywalker,9
Owen Lars,Biggs Darklighter,3
Fixer,Owen Lars,1
Owen Lars,Deak,1
R2-D2,Jawa,2
Luke Skywalker,Beru Lars,5
Luke Skywalker,C-3PO,34
Luke Skywalker,Jawa,2
Owen Lars,Jawa,1
Beru Lars,Jawa,1
C-3PO,Jawa,1
Obi-Wan Kenobi,Biggs Darklighter,3
R2-D2,Biggs Darklighter,3
Biggs Darklighter,Captain Antilles,1
Biggs Darklighter,Princess Leia,3
Biggs Darklighter,C-3PO,4
Biggs Darklighter,Beru Lars,2
Obi-Wan Kenobi,Captain Antilles,1
Luke Skywalker,Captain Antilles,1
Luke Skywalker,Princess Leia,40
Captain Antilles,Princess Leia,1
Captain Antilles,Beru Lars,1
Beru Lars,Princess Leia,1
Luke Skywalker,Tusken Raider,2
Tusken Raider,C-3PO,1
Darth Vader,R2-D2,4
Darth Vader,C-3PO,4
Darth Vader,Commander Tagge,1
Darth Vader,Admiral Motti,2
Tarkin,Commander Tagge,1
Tarkin,Admiral Motti,2
Commander Tagge,Admiral Motti,1
R2-D2,Tusken Raider,1
Obi-Wan Kenobi,Tusken Raider,1
Tusken Raider,Jawa,1
Obi-Wan Kenobi,Jawa,1
Luke Skywalker,Ponda Babba,3
Bartender,Luke Skywalker,1
Luke Skywalker,Doctor Evezan,1
Ponda Babba,C-3PO,1
Obi-Wan Kenobi,Ponda Babba,2
Bartender,Ponda Babba,1
Doctor Evezan,Ponda Babba,1
Bartender,C-3PO,1
Doctor Evezan,C-3PO,1
Obi-Wan Kenobi,Bartender,1
Obi-Wan Kenobi,Doctor Evezan,1
Bartender,Doctor Evezan,1
Obi-Wan Kenobi,Han Solo,16
Obi-Wan Kenobi,Chewbacca,9
Luke Skywalker,Han Solo,49
Luke Skywalker,Chewbacca,28
Han Solo,Chewbacca,46
Greedo,Han Solo,1
Greedo,Jabba the Hutt,1
Han Solo,Jabba the Hutt,3
Imperial Officer,Tarkin,1
R2-D2,Han Solo,14
Han Solo,C-3PO,43
Tarkin,Princess Leia,1
Admiral Motti,Princess Leia,1
R2-D2,Chewbacca,11
C-3PO,Chewbacca,35
Obi-Wan Kenobi,Tarkin,1
Han Solo,Princess Leia,57
Chewbacca,Princess Leia,39
Darth Vader,Han Solo,8
Luke Skywalker,General Dodonna,4
Wedge Antilles,Luke Skywalker,17
Luke Skywalker,Lando Calrissian,12
Han Solo,General Dodonna,3
Wedge Antilles,Han Solo,3
Han Solo,Lando Calrissian,19
General Dodonna,Princess Leia,3
Wedge Antilles,General Dodonna,5
Lando Calrissian,General Dodonna,2
Wedge Antilles,Princess Leia,4
Lando Calrissian,Princess Leia,22
Wedge Antilles,Lando Calrissian,4
Biggs Darklighter,General Dodonna,3
R2-D2,General Dodonna,1
Red Leader,General Dodonna,2
General Dodonna,C-3PO,1
Han Solo,Biggs Darklighter,2
Biggs Darklighter,Red Leader,4
Wedge Antilles,Biggs Darklighter,7
R2-D2,Red Leader,2
Wedge Antilles,R2-D2,3
Luke Skywalker,Red Leader,6
Han Solo,Red Leader,2
Red Leader,Princess Leia,3
Red Leader,C-3PO,3
Wedge Antilles,C-3PO,4
Red Seven,Biggs Darklighter,1
Red Nine,Porkins,1
Red Eleven,Luke Skywalker,1
Red Leader,Lando Calrissian,2
Luke Skywalker,Red Ten,2
Red Ten,Princess Leia,1
Wedge Antilles,Red Ten,1
Red Leader,Red Ten,1
Biggs Darklighter,Lando Calrissian,2
Gold Five,Princess Leia,1
Luke Skywalker,Gold Two,1
Wedge Antilles,Gold Five,1
Gold Five,Red Leader,1
Tarkin,Rebel Trooper,1
Wedge Antilles,Red Three,2
Biggs Darklighter,Red Three,2
Red Leader,Red Three,2
Darth Vader,Red Ten,1
Darth Vader,Wedge Antilles,2
Darth Vader,Red Leader,2
Darth Vader,Biggs Darklighter,2
General Dodonna,Chewbacca,1
Queen Jamillia,General Rieekan,1
Queen Jamillia,Luke Skywalker,1
Queen Jamillia,Han Solo,1
Queen Jamillia,Princess Leia,1
General Rieekan,Luke Skywalker,2
General Rieekan,Han Solo,3
General Rieekan,Princess Leia,4
General Rieekan,Anakin Skywalker,1
Anakin Skywalker,Han Solo,5
Anakin Skywalker,Princess Leia,6
R2-D2,Major Derlin,1
Major Derlin,Princess Leia,2
Luke Skywalker,Major Derlin,1
Major Derlin,Chewbacca,1
Anakin Skywalker,Major Derlin,1
Major Derlin,C-3PO,1
Anakin Skywalker,Chewbacca,4
Han Solo,Zev,2
General Rieekan,C-3PO,1
General Rieekan,Flight Controller,2
Luke Skywalker,Flight Controller,2
Han Solo,Flight Controller,3
Flight Controller,C-3PO,3
Flight Controller,Princess Leia,3
Darth Vader,Republic Captain,2
Darth Vader,Admiral Ozzel,2
Darth Vader,Admiral Piett,8
Admiral Ozzel,Republic Captain,1
Republic Captain,Admiral Piett,2
Admiral Ozzel,Admiral Piett,2
Republic Captain,Rebel Officer,1
Republic Captain,Rebel Trooper,2
Rebel Officer,Rebel Trooper,1
Medical Droid,Luke Skywalker,1
Darth Vader,General Veers,2
Admiral Ozzel,General Veers,1
General Veers,Admiral Piett,1
Hobbie,Major Derlin,1
Hobbie,Princess Leia,1
Republic Captain,Flight Controller,2
Luke Skywalker,Dack Ralter,4
Hobbie,Luke Skywalker,2
Wedge Antilles,Janson,4
Luke Skywalker,Zev,2
Rebel Pilot,General Veers,1
R2-D2,Ponda Babba,1
Darth Vader,Captain Needa,4
Captain Needa,Admiral Piett,2
Darth Vader,Destroyer Droids,1
Darth Vader,Boba Fett,6
Darth Vader,Zuckuss,1
Darth Vader,Flight Controller,2
Zuckuss,Boba Fett,1
Flight Controller,Boba Fett,2
Boba Fett,Admiral Piett,2
Zuckuss,Flight Controller,1
Zuckuss,Admiral Piett,1
Flight Controller,Admiral Piett,2
Lando Calrissian,C-3PO,14
Lando Calrissian,Chewbacca,19
Han Solo,Lobot,2
Lobot,Princess Leia,2
C-3PO,Lobot,2
Lobot,Chewbacca,2
Lando Calrissian,Lobot,2
Yoda,Han Solo,2
Darth Vader,Lando Calrissian,8
Han Solo,Boba Fett,7
Lando Calrissian,Boba Fett,7
Luke Skywalker,Boba Fett,4
Boba Fett,Princess Leia,5
Anakin Skywalker,Lando Calrissian,5
Darth Vader,Chewbacca,4
Imperial Officer,Chewbacca,1
Boba Fett,Chewbacca,3
Imperial Officer,Lando Calrissian,1
Imperial Officer,Luke Skywalker,1
Imperial Officer,Han Solo,1
Imperial Officer,Princess Leia,1
Imperial Officer,Anakin Skywalker,1
Imperial Officer,C-3PO,1
Imperial Officer,Boba Fett,1
C-3PO,Boba Fett,3
R2-D2,Lando Calrissian,5
R2-D2,Boba Fett,3
Wicket,Biggs Darklighter,1
Wicket,Mon Mothma,1
Wicket,Chief Chirpa,1
Wicket,Moff Jerjerrod,1
Wicket,General Madine,1
Wicket,Admiral Piett,1
Wicket,Teebo,1
Wicket,Luke Skywalker,1
Wicket,Nien Nunb,1
Wicket,Red Two,1
Wicket,Wedge Antilles,1
Wicket,Rebel Pilot,1
Wicket,C-3PO,1
Wicket,Republic Captain,1
Wicket,Green Leader,1
Wicket,Owen Lars,1
Wicket,Walker Pilot,1
Wicket,Lando Calrissian,1
Wicket,Jabba the Hutt,1
Wicket,Darth Vader,1
Wicket,R2-D2,1
Wicket,Ewoks,1
Wicket,Han Solo,1
Wicket,Bib Fortuna,1
Wicket,Princess Leia,1
Wicket,Oola,1
Wicket,Red Leader,1
Wicket,Boba Fett,1
Wicket,Rebel Trooper,1
Wicket,Flight Controller,1
Wicket,Shuttle Captain,1
Wicket,Yoda,1
Wicket,Red Three,1
Wicket,Obi-Wan Kenobi,1
Wicket,Salacious Crumb,1
Wicket,EV-9D9,1
Wicket,Admiral Ackbar,1
Wicket,Chewbacca,1
Wicket,Stormtrooper,1
Wicket,Anakin Skywalker,1
Wicket,Paploo,1
Wicket,Palpatine,1
Wicket,Logray,1
Mon Mothma,Biggs Darklighter,1
Chief Chirpa,Biggs Darklighter,1
Moff Jerjerrod,Biggs Darklighter,1
General Madine,Biggs Darklighter,1
Biggs Darklighter,Admiral Piett,1
Teebo,Biggs Darklighter,1
Nien Nunb,Biggs Darklighter,1
Red Two,Biggs Darklighter,1
Rebel Pilot,Biggs Darklighter,1
Republic Captain,Biggs Darklighter,1
Green Leader,Biggs Darklighter,1
Walker Pilot,Biggs Darklighter,1
Biggs Darklighter,Jabba the Hutt,1
Ewoks,Biggs Darklighter,1
Biggs Darklighter,Bib Fortuna,1
Biggs Darklighter,Oola,1
Biggs Darklighter,Boba Fett,1
Biggs Darklighter,Rebel Trooper,1
Biggs Darklighter,Flight Controller,1
Shuttle Captain,Biggs Darklighter,1
Yoda,Biggs Darklighter,1
Biggs Darklighter,Salacious Crumb,1
Biggs Darklighter,EV-9D9,1
Admiral Ackbar,Biggs Darklighter,1
Biggs Darklighter,Chewbacca,1
Stormtrooper,Biggs Darklighter,1
Anakin Skywalker,Biggs Darklighter,1
Biggs Darklighter,Paploo,1
Biggs Darklighter,Palpatine,1
Biggs Darklighter,Logray,1
Mon Mothma,Chief Chirpa,1
Mon Mothma,Moff Jerjerrod,1
Mon Mothma,General Madine,1
Mon Mothma,Admiral Piett,1
Mon Mothma,Teebo,1
Mon Mothma,Luke Skywalker,1
Mon Mothma,Nien Nunb,1
Mon Mothma,Red Two,1
Mon Mothma,Wedge Antilles,1
Mon Mothma,Rebel Pilot,1
Mon Mothma,C-3PO,1
Mon Mothma,Republic Captain,1
Mon Mothma,Green Leader,1
Mon Mothma,Owen Lars,1
Mon Mothma,Walker Pilot,1
Mon Mothma,Lando Calrissian,1
Mon Mothma,Jabba the Hutt,1
Mon Mothma,Darth Vader,1
Mon Mothma,R2-D2,1
Mon Mothma,Ewoks,1
Mon Mothma,Han Solo,1
Mon Mothma,Bib Fortuna,1
Mon Mothma,Princess Leia,1
Mon Mothma,Oola,1
Mon Mothma,Red Leader,1
Mon Mothma,Boba Fett,1
Mon Mothma,Rebel Trooper,1
Mon Mothma,Flight Controller,1
Mon Mothma,Shuttle Captain,1
Mon Mothma,Yoda,1
Mon Mothma,Red Three,1
Mon Mothma,Obi-Wan Kenobi,1
Mon Mothma,Salacious Crumb,1
Mon Mothma,EV-9D9,1
Mon Mothma,Admiral Ackbar,1
Mon Mothma,Chewbacca,1
Mon Mothma,Stormtrooper,1
Mon Mothma,Anakin Skywalker,1
Mon Mothma,Paploo,1
Mon Mothma,Logray,1
Chief Chirpa,Moff Jerjerrod,1
Chief Chirpa,General Madine,1
Chief Chirpa,Admiral Piett,1
Chief Chirpa,Teebo,1
Chief Chirpa,Luke Skywalker,1
Chief Chirpa,Nien Nunb,1
Chief Chirpa,Red Two,1
Wedge Antilles,Chief Chirpa,1
Chief Chirpa,Rebel Pilot,1
Chief Chirpa,C-3PO,1
Chief Chirpa,Republic Captain,1
Green Leader,Chief Chirpa,1
Chief Chirpa,Owen Lars,1
Chief Chirpa,Walker Pilot,1
Chief Chirpa,Lando Calrissian,1
Chief Chirpa,Jabba the Hutt,1
Darth Vader,Chief Chirpa,1
Chief Chirpa,R2-D2,1
Ewoks,Chief Chirpa,1
Chief Chirpa,Han Solo,1
Chief Chirpa,Bib Fortuna,1
Chief Chirpa,Princess Leia,1
Chief Chirpa,Oola,1
Chief Chirpa,Red Leader,1
Chief Chirpa,Boba Fett,1
Chief Chirpa,Rebel Trooper,1
Chief Chirpa,Flight Controller,1
Chief Chirpa,Shuttle Captain,1
Chief Chirpa,Yoda,1
Chief Chirpa,Red Three,1
Obi-Wan Kenobi,Chief Chirpa,1
Chief Chirpa,Salacious Crumb,1
Chief Chirpa,EV-9D9,1
Chief Chirpa,Admiral Ackbar,1
Chief Chirpa,Chewbacca,1
Stormtrooper,Chief Chirpa,1
Chief Chirpa,Anakin Skywalker,1
Chief Chirpa,Paploo,1
Chief Chirpa,Palpatine,1
Chief Chirpa,Logray,1
Moff Jerjerrod,General Madine,1
Moff Jerjerrod,Admiral Piett,1
Moff Jerjerrod,Teebo,1
Moff Jerjerrod,Luke Skywalker,1
Moff Jerjerrod,Nien Nunb,1
Moff Jerjerrod,Red Two,1
Wedge Antilles,Moff Jerjerrod,1
Moff Jerjerrod,Rebel Pilot,1
Moff Jerjerrod,C-3PO,1
Moff Jerjerrod,Republic Captain,1
Green Leader,Moff Jerjerrod,1
Moff Jerjerrod,Owen Lars,1
Moff Jerjerrod,Walker Pilot,1
Moff Jerjerrod,Lando Calrissian,1
Moff Jerjerrod,Jabba the Hutt,1
Darth Vader,Moff Jerjerrod,1
Moff Jerjerrod,R2-D2,1
Ewoks,Moff Jerjerrod,1
Moff Jerjerrod,Han Solo,1
Moff Jerjerrod,Bib Fortuna,1
Moff Jerjerrod,Princess Leia,1
Moff Jerjerrod,Oola,1
Moff Jerjerrod,Red Leader,1
Moff Jerjerrod,Boba Fett,1
Moff Jerjerrod,Rebel Trooper,1
Moff Jerjerrod,Flight Controller,1
Moff Jerjerrod,Shuttle Captain,1
Moff Jerjerrod,Yoda,1
Moff Jerjerrod,Red Three,1
Obi-Wan Kenobi,Moff Jerjerrod,1
Moff Jerjerrod,Salacious Crumb,1
Moff Jerjerrod,EV-9D9,1
Moff Jerjerrod,Admiral Ackbar,1
Moff Jerjerrod,Chewbacca,1
Stormtrooper,Moff Jerjerrod,1
Moff Jerjerrod,Anakin Skywalker,1
Moff Jerjerrod,Paploo,1
Moff Jerjerrod,Palpatine,1
Moff Jerjerrod,Logray,1
General Madine,Admiral Piett,1
Teebo,General Madine,1
Luke Skywalker,General Madine,1
Nien Nunb,General Madine,1
Red Two,General Madine,1
Wedge Antilles,General Madine,1
Rebel Pilot,General Madine,1
General Madine,C-3PO,1
Republic Captain,General Madine,1
Green Leader,General Madine,1
Owen Lars,General Madine,1
Walker Pilot,General Madine,1
General Madine,Lando Calrissian,1
General Madine,Jabba the Hutt,1
Darth Vader,General Madine,1
R2-D2,General Madine,1
Ewoks,General Madine,1
Han Solo,General Madine,1
General Madine,Bib Fortuna,1
General Madine,Princess Leia,1
General Madine,Oola,1
General Madine,Red Leader,1
General Madine,Boba Fett,1
General Madine,Rebel Trooper,1
General Madine,Flight Controller,1
Shuttle Captain,General Madine,1
Yoda,General Madine,1
General Madine,Red Three,1
Obi-Wan Kenobi,General Madine,1
General Madine,Salacious Crumb,1
General Madine,EV-9D9,1
Admiral Ackbar,General Madine,1
General Madine,Chewbacca,1
Stormtrooper,General Madine,1
Anakin Skywalker,General Madine,1
General Madine,Paploo,1
General Madine,Palpatine,1
General Madine,Logray,1
Teebo,Admiral Piett,1
Luke Skywalker,Admiral Piett,1
Nien Nunb,Admiral Piett,1
Red Two,Admiral Piett,1
Wedge Antilles,Admiral Piett,1
Rebel Pilot,Admiral Piett,1
C-3PO,Admiral Piett,1
Green Leader,Admiral Piett,1
Owen Lars,Admiral Piett,1
Walker Pilot,Admiral Piett,1
Lando Calrissian,Admiral Piett,1
Jabba the Hutt,Admiral Piett,1
R2-D2,Admiral Piett,1
Ewoks,Admiral Piett,1
Han Solo,Admiral Piett,1
Bib Fortuna,Admiral Piett,1
Admiral Piett,Princess Leia,1
Admiral Piett,Oola,1
Red Leader,Admiral Piett,1
Rebel Trooper,Admiral Piett,1
Shuttle Captain,Admiral Piett,1
Yoda,Admiral Piett,1
Admiral Piett,Red Three,1
Obi-Wan Kenobi,Admiral Piett,1
Salacious Crumb,Admiral Piett,1
Admiral Piett,EV-9D9,1
Admiral Ackbar,Admiral Piett,1
Admiral Piett,Chewbacca,1
Stormtrooper,Admiral Piett,1
Anakin Skywalker,Admiral Piett,1
Paploo,Admiral Piett,1
Admiral Piett,Palpatine,1
Admiral Piett,Logray,1
Teebo,Luke Skywalker,1
Teebo,Nien Nunb,1
Teebo,Red Two,1
Wedge Antilles,Teebo,1
Teebo,Rebel Pilot,1
Teebo,C-3PO,1
Republic Captain,Teebo,1
Green Leader,Teebo,1
Teebo,Owen Lars,1
Teebo,Walker Pilot,1
Teebo,Lando Calrissian,1
Teebo,Jabba the Hutt,1
Darth Vader,Teebo,1
R2-D2,Teebo,1
Ewoks,Teebo,1
Teebo,Han Solo,1
Teebo,Bib Fortuna,1
Teebo,Princess Leia,1
Teebo,Oola,1
Teebo,Red Leader,1
Teebo,Boba Fett,1
Teebo,Rebel Trooper,1
Teebo,Flight Controller,1
Shuttle Captain,Teebo,1
Teebo,Yoda,1
Teebo,Red Three,1
Obi-Wan Kenobi,Teebo,1
Teebo,Salacious Crumb,1
Teebo,EV-9D9,1
Admiral Ackbar,Teebo,1
Teebo,Chewbacca,1
Stormtrooper,Teebo,1
Teebo,Anakin Skywalker,1
Teebo,Paploo,1
Teebo,Palpatine,1
Teebo,Logray,1
Luke Skywalker,Nien Nunb,1
Luke Skywalker,Red Two,1
Luke Skywalker,Rebel Pilot,1
Republic Captain,Luke Skywalker,1
Green Leader,Luke Skywalker,1
Walker Pilot,Luke Skywalker,1
Luke Skywalker,Jabba the Hutt,1
Ewoks,Luke Skywalker,1
Luke Skywalker,Bib Fortuna,1
Luke Skywalker,Oola,1
Luke Skywalker,Rebel Trooper,1
Shuttle Captain,Luke Skywalker,1
Luke Skywalker,Red Three,1
Luke Skywalker,Salacious Crumb,1
Luke Skywalker,EV-9D9,1
Admiral Ackbar,Luke Skywalker,1
Stormtrooper,Luke Skywalker,1
Luke Skywalker,Paploo,1
Luke Skywalker,Logray,1
Nien Nunb,Red Two,1
Wedge Antilles,Nien Nunb,1
Nien Nunb,Rebel Pilot,1
Nien Nunb,C-3PO,1
Republic Captain,Nien Nunb,1
Green Leader,Nien Nunb,1
Owen Lars,Nien Nunb,1
Walker Pilot,Nien Nunb,1
Nien Nunb,Lando Calrissian,1
Nien Nunb,Jabba the Hutt,1
Darth Vader,Nien Nunb,1
R2-D2,Nien Nunb,1
Ewoks,Nien Nunb,1
Nien Nunb,Han Solo,1
Nien Nunb,Bib Fortuna,1
Nien Nunb,Princess Leia,1
Nien Nunb,Oola,1
Nien Nunb,Red Leader,1
Nien Nunb,Boba Fett,1
Nien Nunb,Rebel Trooper,1
Nien Nunb,Flight Controller,1
Shuttle Captain,Nien Nunb,1
Nien Nunb,Yoda,1
Nien Nunb,Red Three,1
Obi-Wan Kenobi,Nien Nunb,1
Nien Nunb,Salacious Crumb,1
Nien Nunb,EV-9D9,1
Admiral Ackbar,Nien Nunb,1
Nien Nunb,Chewbacca,1
Stormtrooper,Nien Nunb,1
Nien Nunb,Anakin Skywalker,1
Nien Nunb,Paploo,1
Nien Nunb,Palpatine,1
Nien Nunb,Logray,1
Wedge Antilles,Red Two,1
Rebel Pilot,Red Two,1
Red Two,C-3PO,1
Republic Captain,Red Two,1
Green Leader,Red Two,1
Owen Lars,Red Two,1
Walker Pilot,Red Two,1
Red Two,Lando Calrissian,1
Red Two,Jabba the Hutt,1
Darth Vader,Red Two,1
R2-D2,Red Two,1
Ewoks,Red Two,1
Han Solo,Red Two,1
Red Two,Bib Fortuna,1
Red Two,Princess Leia,1
Red Two,Oola,1
Red Two,Red Leader,1
Red Two,Boba Fett,1
Red Two,Rebel Trooper,1
Red Two,Flight Controller,1
Shuttle Captain,Red Two,1
Yoda,Red Two,1
Red Two,Red Three,1
Obi-Wan Kenobi,Red Two,1
Red Two,Salacious Crumb,1
Red Two,EV-9D9,1
Admiral Ackbar,Red Two,1
Red Two,Chewbacca,1
Stormtrooper,Red Two,1
Anakin Skywalker,Red Two,1
Red Two,Paploo,1
Red Two,Palpatine,1
Red Two,Logray,1
Wedge Antilles,Rebel Pilot,1
Wedge Antilles,Republic Captain,1
Wedge Antilles,Green Leader,1
Wedge Antilles,Owen Lars,1
Wedge Antilles,Walker Pilot,1
Wedge Antilles,Jabba the Hutt,1
Wedge Antilles,Ewoks,1
Wedge Antilles,Bib Fortuna,1
Wedge Antilles,Oola,1
Wedge Antilles,Boba Fett,1
Wedge Antilles,Rebel Trooper,1
Wedge Antilles,Flight Controller,1
Wedge Antilles,Shuttle Captain,1
Wedge Antilles,Yoda,1
Wedge Antilles,Salacious Crumb,1
Wedge Antilles,EV-9D9,1
Wedge Antilles,Admiral Ackbar,1
Wedge Antilles,Chewbacca,1
Wedge Antilles,Stormtrooper,1
Wedge Antilles,Paploo,1
Wedge Antilles,Palpatine,1
Wedge Antilles,Logray,1
Rebel Pilot,C-3PO,1
Green Leader,Rebel Pilot,1
Owen Lars,Rebel Pilot,1
Walker Pilot,Rebel Pilot,1
Rebel Pilot,Lando Calrissian,1
Rebel Pilot,Jabba the Hutt,1
Darth Vader,Rebel Pilot,1
Ewoks,Rebel Pilot,1
Rebel Pilot,Han Solo,1
Rebel Pilot,Bib Fortuna,1
Rebel Pilot,Princess Leia,1
Rebel Pilot,Oola,1
Rebel Pilot,Red Leader,1
Rebel Pilot,Boba Fett,1
Rebel Pilot,Rebel Trooper,1
Rebel Pilot,Flight Controller,1
Shuttle Captain,Rebel Pilot,1
Rebel Pilot,Red Three,1
Rebel Pilot,Salacious Crumb,1
Rebel Pilot,EV-9D9,1
Admiral Ackbar,Rebel Pilot,1
Rebel Pilot,Chewbacca,1
Stormtrooper,Rebel Pilot,1
Rebel Pilot,Paploo,1
Rebel Pilot,Logray,1
Republic Captain,C-3PO,1
Green Leader,C-3PO,1
Walker Pilot,C-3PO,1
C-3PO,Jabba the Hutt,1
Ewoks,C-3PO,1
C-3PO,Bib Fortuna,1
C-3PO,Oola,1
C-3PO,Rebel Trooper,1
Shuttle Captain,C-3PO,1
C-3PO,Red Three,1
Salacious Crumb,C-3PO,1
C-3PO,EV-9D9,1
Admiral Ackbar,C-3PO,1
Stormtrooper,C-3PO,1
C-3PO,Paploo,1
C-3PO,Logray,1
Green Leader,Republic Captain,1
Republic Captain,Owen Lars,1
Republic Captain,Walker Pilot,1
Republic Captain,Lando Calrissian,1
Republic Captain,Jabba the Hutt,1
Ewoks,Republic Captain,1
Republic Captain,Han Solo,1
Republic Captain,Bib Fortuna,1
Republic Captain,Princess Leia,1
Republic Captain,Oola,1
Republic Captain,Red Leader,1
Republic Captain,Boba Fett,1
Shuttle Captain,Republic Captain,1
Republic Captain,Red Three,1
Republic Captain,Salacious Crumb,1
Republic Captain,EV-9D9,1
Admiral Ackbar,Republic Captain,1
Republic Captain,Chewbacca,1
Stormtrooper,Republic Captain,1
Republic Captain,Paploo,1
Republic Captain,Logray,1
Green Leader,Owen Lars,1
Green Leader,Walker Pilot,1
Green Leader,Lando Calrissian,1
Green Leader,Jabba the Hutt,1
Green Leader,Darth Vader,1
Green Leader,R2-D2,1
Green Leader,Ewoks,1
Green Leader,Han Solo,1
Green Leader,Bib Fortuna,1
Green Leader,Princess Leia,1
Green Leader,Oola,1
Green Leader,Red Leader,1
Green Leader,Boba Fett,1
Green Leader,Rebel Trooper,1
Green Leader,Flight Controller,1
Green Leader,Shuttle Captain,1
Green Leader,Yoda,1
Green Leader,Red Three,1
Green Leader,Obi-Wan Kenobi,1
Green Leader,Salacious Crumb,1
Green Leader,EV-9D9,1
Green Leader,Admiral Ackbar,1
Green Leader,Chewbacca,1
Green Leader,Stormtrooper,1
Green Leader,Anakin Skywalker,1
Green Leader,Paploo,1
Green Leader,Palpatine,1
Green Leader,Logray,1
Owen Lars,Walker Pilot,1
Owen Lars,Lando Calrissian,1
Owen Lars,Jabba the Hutt,1
Darth Vader,Owen Lars,1
Ewoks,Owen Lars,1
Owen Lars,Han Solo,1
Owen Lars,Bib Fortuna,1
Owen Lars,Princess Leia,1
Owen Lars,Oola,1
Owen Lars,Red Leader,1
Owen Lars,Boba Fett,1
Owen Lars,Rebel Trooper,1
Owen Lars,Flight Controller,1
Shuttle Captain,Owen Lars,1
Owen Lars,Yoda,1
Owen Lars,Red Three,1
Owen Lars,Salacious Crumb,1
Owen Lars,EV-9D9,1
Admiral Ackbar,Owen Lars,1
Owen Lars,Chewbacca,1
Stormtrooper,Owen Lars,1
Owen Lars,Paploo,1
Owen Lars,Palpatine,1
Owen Lars,Logray,1
Walker Pilot,Lando Calrissian,1
Walker Pilot,Jabba the Hutt,1
Darth Vader,Walker Pilot,1
R2-D2,Walker Pilot,1
Ewoks,Walker Pilot,1
Walker Pilot,Han Solo,1
Walker Pilot,Bib Fortuna,1
Walker Pilot,Princess Leia,1
Walker Pilot,Oola,1
Walker Pilot,Red Leader,1
Walker Pilot,Boba Fett,1
Walker Pilot,Rebel Trooper,1
Walker Pilot,Flight Controller,1
Shuttle Captain,Walker Pilot,1
Walker Pilot,Yoda,1
Walker Pilot,Red Three,1
Obi-Wan Kenobi,Walker Pilot,1
Walker Pilot,Salacious Crumb,1
Walker Pilot,EV-9D9,1
Admiral Ackbar,Walker Pilot,1
Walker Pilot,Chewbacca,1
Stormtrooper,Walker Pilot,1
Walker Pilot,Anakin Skywalker,1
Walker Pilot,Paploo,1
Walker Pilot,Palpatine,1
Walker Pilot,Logray,1
Lando Calrissian,Jabba the Hutt,1
Ewoks,Lando Calrissian,1
Lando Calrissian,Bib Fortuna,1
Lando Calrissian,Oola,1
Lando Calrissian,Rebel Trooper,1
Flight Controller,Lando Calrissian,1
Shuttle Captain,Lando Calrissian,1
Yoda,Lando Calrissian,1
Lando Calrissian,Red Three,1
Obi-Wan Kenobi,Lando Calrissian,1
Salacious Crumb,Lando Calrissian,1
Lando Calrissian,EV-9D9,1
Admiral Ackbar,Lando Calrissian,1
Stormtrooper,Lando Calrissian,1
Lando Calrissian,Paploo,1
Lando Calrissian,Palpatine,1
Lando Calrissian,Logray,1
Darth Vader,Jabba the Hutt,1
Ewoks,Jabba the Hutt,1
Bib Fortuna,Jabba the Hutt,1
Jabba the Hutt,Princess Leia,1
Jabba the Hutt,Oola,1
Red Leader,Jabba the Hutt,1
Boba Fett,Jabba the Hutt,1
Rebel Trooper,Jabba the Hutt,1
Flight Controller,Jabba the Hutt,1
Shuttle Captain,Jabba the Hutt,1
Yoda,Jabba the Hutt,1
Jabba the Hutt,Red Three,1
Obi-Wan Kenobi,Jabba the Hutt,1
Salacious Crumb,Jabba the Hutt,1
Jabba the Hutt,EV-9D9,1
Admiral Ackbar,Jabba the Hutt,1
Jabba the Hutt,Chewbacca,1
Stormtrooper,Jabba the Hutt,1
Paploo,Jabba the Hutt,1
Jabba the Hutt,Palpatine,1
Jabba the Hutt,Logray,1
Darth Vader,Ewoks,1
Darth Vader,Bib Fortuna,1
Darth Vader,Oola,1
Darth Vader,Shuttle Captain,1
Darth Vader,Red Three,1
Darth Vader,Salacious Crumb,1
Darth Vader,EV-9D9,1
Darth Vader,Admiral Ackbar,1
Darth Vader,Stormtrooper,1
Darth Vader,Paploo,1
Darth Vader,Logray,1
Ewoks,R2-D2,1
R2-D2,Bib Fortuna,1
R2-D2,Oola,1
R2-D2,Rebel Trooper,1
R2-D2,Flight Controller,1
R2-D2,Shuttle Captain,1
R2-D2,Red Three,1
R2-D2,Salacious Crumb,1
R2-D2,EV-9D9,1
R2-D2,Admiral Ackbar,1
Stormtrooper,R2-D2,1
R2-D2,Paploo,1
R2-D2,Logray,1
Ewoks,Han Solo,1
Ewoks,Bib Fortuna,1
Ewoks,Princess Leia,1
Ewoks,Oola,1
Ewoks,Red Leader,1
Ewoks,Boba Fett,1
Ewoks,Rebel Trooper,1
Ewoks,Flight Controller,1
Ewoks,Shuttle Captain,1
Ewoks,Yoda,1
Ewoks,Red Three,1
Ewoks,Obi-Wan Kenobi,1
Ewoks,Salacious Crumb,1
Ewoks,EV-9D9,1
Ewoks,Admiral Ackbar,1
Ewoks,Chewbacca,1
Ewoks,Stormtrooper,1
Ewoks,Anakin Skywalker,1
Ewoks,Paploo,1
Ewoks,Palpatine,1
Ewoks,Logray,1
Han Solo,Bib Fortuna,1
Han Solo,Oola,1
Han Solo,Rebel Trooper,1
Shuttle Captain,Han Solo,1
Han Solo,Red Three,1
Han Solo,Salacious Crumb,1
Han Solo,EV-9D9,1
Admiral Ackbar,Han Solo,1
Stormtrooper,Han Solo,1
Han Solo,Paploo,1
Han Solo,Palpatine,1
Han Solo,Logray,1
Bib Fortuna,Princess Leia,1
Bib Fortuna,Oola,1
Red Leader,Bib Fortuna,1
Boba Fett,Bib Fortuna,1
Rebel Trooper,Bib Fortuna,1
Flight Controller,Bib Fortuna,1
Shuttle Captain,Bib Fortuna,1
Yoda,Bib Fortuna,1
Bib Fortuna,Red Three,1
Obi-Wan Kenobi,Bib Fortuna,1
Salacious Crumb,Bib Fortuna,1
Bib Fortuna,EV-9D9,1
Admiral Ackbar,Bib Fortuna,1
Bib Fortuna,Chewbacca,1
Stormtrooper,Bib Fortuna,1
Anakin Skywalker,Bib Fortuna,1
Paploo,Bib Fortuna,1
Bib Fortuna,Palpatine,1
Bib Fortuna,Logray,1
Oola,Princess Leia,1
Shuttle Captain,Princess Leia,1
Red Three,Princess Leia,1
Salacious Crumb,Princess Leia,1
EV-9D9,Princess Leia,1
Admiral Ackbar,Princess Leia,1
Stormtrooper,Princess Leia,1
Paploo,Princess Leia,1
Palpatine,Princess Leia,1
Logray,Princess Leia,1
Red Leader,Oola,1
Boba Fett,Oola,1
Rebel Trooper,Oola,1
Flight Controller,Oola,1
Shuttle Captain,Oola,1
Yoda,Oola,1
Red Three,Oola,1
Obi-Wan Kenobi,Oola,1
Salacious Crumb,Oola,1
EV-9D9,Oola,1
Admiral Ackbar,Oola,1
Chewbacca,Oola,1
Stormtrooper,Oola,1
Anakin Skywalker,Oola,1
Paploo,Oola,1
Palpatine,Oola,1
Logray,Oola,1
Red Leader,Boba Fett,1
Red Leader,Rebel Trooper,1
Flight Controller,Red Leader,1
Shuttle Captain,Red Leader,1
Yoda,Red Leader,1
Salacious Crumb,Red Leader,1
Red Leader,EV-9D9,1
Admiral Ackbar,Red Leader,1
Red Leader,Chewbacca,1
Stormtrooper,Red Leader,1
Red Leader,Paploo,1
Red Leader,Palpatine,1
Red Leader,Logray,1
Rebel Trooper,Boba Fett,1
Shuttle Captain,Boba Fett,1
Boba Fett,Red Three,1
Salacious Crumb,Boba Fett,1
Boba Fett,EV-9D9,1
Admiral Ackbar,Boba Fett,1
Stormtrooper,Boba Fett,1
Paploo,Boba Fett,1
Boba Fett,Logray,1
Flight Controller,Rebel Trooper,1
Shuttle Captain,Rebel Trooper,1
Yoda,Rebel Trooper,1
Rebel Trooper,Red Three,1
Obi-Wan Kenobi,Rebel Trooper,1
Salacious Crumb,Rebel Trooper,1
Rebel Trooper,EV-9D9,1
Admiral Ackbar,Rebel Trooper,1
Rebel Trooper,Chewbacca,1
Stormtrooper,Rebel Trooper,1
Anakin Skywalker,Rebel Trooper,1
Paploo,Rebel Trooper,1
Rebel Trooper,Palpatine,1
Rebel Trooper,Logray,1
Shuttle Captain,Flight Controller,1
Yoda,Flight Controller,1
Flight Controller,Red Three,1
Obi-Wan Kenobi,Flight Controller,1
Salacious Crumb,Flight Controller,1
Flight Controller,EV-9D9,1
Admiral Ackbar,Flight Controller,1
Flight Controller,Chewbacca,1
Stormtrooper,Flight Controller,1
Anakin Skywalker,Flight Controller,1
Flight Controller,Paploo,1
Flight Controller,Palpatine,1
Flight Controller,Logray,1
Shuttle Captain,Yoda,1
Shuttle Captain,Red Three,1
Obi-Wan Kenobi,Shuttle Captain,1
Shuttle Captain,Salacious Crumb,1
Shuttle Captain,EV-9D9,1
Shuttle Captain,Admiral Ackbar,1
Shuttle Captain,Chewbacca,1
Stormtrooper,Shuttle Captain,1
Shuttle Captain,Anakin Skywalker,1
Shuttle Captain,Paploo,1
Shuttle Captain,Palpatine,1
Shuttle Captain,Logray,1
Yoda,Red Three,1
Yoda,Salacious Crumb,1
Yoda,EV-9D9,1
Admiral Ackbar,Yoda,1
Stormtrooper,Yoda,1
Yoda,Paploo,1
Yoda,Logray,1
Obi-Wan Kenobi,Red Three,1
Salacious Crumb,Red Three,1
EV-9D9,Red Three,1
Admiral Ackbar,Red Three,1
Chewbacca,Red Three,1
Stormtrooper,Red Three,1
Anakin Skywalker,Red Three,1
Paploo,Red Three,1
Palpatine,Red Three,1
Logray,Red Three,1
Obi-Wan Kenobi,Salacious Crumb,1
Obi-Wan Kenobi,EV-9D9,1
Obi-Wan Kenobi,Admiral Ackbar,1
Obi-Wan Kenobi,Paploo,1
Obi-Wan Kenobi,Logray,1
Salacious Crumb,EV-9D9,1
Admiral Ackbar,Salacious Crumb,1
Salacious Crumb,Chewbacca,1
Stormtrooper,Salacious Crumb,1
Anakin Skywalker,Salacious Crumb,1
Salacious Crumb,Paploo,1
Salacious Crumb,Palpatine,1
Salacious Crumb,Logray,1
Admiral Ackbar,EV-9D9,1
Chewbacca,EV-9D9,1
Stormtrooper,EV-9D9,1
Anakin Skywalker,EV-9D9,1
Paploo,EV-9D9,1
Palpatine,EV-9D9,1
Logray,EV-9D9,1
Admiral Ackbar,Chewbacca,1
Stormtrooper,Admiral Ackbar,1
Admiral Ackbar,Anakin Skywalker,1
Admiral Ackbar,Paploo,1
Admiral Ackbar,Palpatine,1
Admiral Ackbar,Logray,1
Stormtrooper,Chewbacca,1
Paploo,Chewbacca,1
Palpatine,Chewbacca,1
Logray,Chewbacca,1
Stormtrooper,Anakin Skywalker,1
Stormtrooper,Paploo,1
Stormtrooper,Palpatine,1
Stormtrooper,Logray,1
Anakin Skywalker,Paploo,1
Anakin Skywalker,Logray,1
Paploo,Palpatine,1
Paploo,Logray,1
Logray,Palpatine,1
